Feature,Coefficient,Absolute_Coefficient
num__Internal_Resistance_Ohm,-252.5349707043395,252.5349707043395
num__Fast_Charge_Ratio,-0.5543789811218465,0.5543789811218465
cat__Driving_Style_Aggressive,-0.21072462883857496,0.21072462883857496
cat__Driving_Style_Conservative,0.17028077801003258,0.17028077801003258
cat__Car_Model_BYD Atto 3,-0.09980444114072533,0.09980444114072533
cat__Battery_Type_NMC,0.0734016344944369,0.0734016344944369
cat__Battery_Type_LFP,-0.0734016344944369,0.0734016344944369
cat__Car_Model_Hyundai Ioniq 5,0.0470785436760824,0.0470785436760824
cat__Driving_Style_Moderate,0.04044385081377718,0.04044385081377718
cat__Car_Model_Tesla Model 3,0.03298386638203349,0.03298386638203349
cat__Car_Model_Wuling Air EV,0.026402806638637637,0.026402806638637637
num__Avg_Temperature_C,-0.015285153188990696,0.015285153188990696
cat__Car_Model_Ford Mustang Mach-E,-0.006660775568135416,0.006660775568135416
num__Avg_Discharge_Rate_C,-0.0056365424529230355,0.0056365424529230355
num__Battery_Capacity_kWh,0.0037505044475187525,0.0037505044475187525
num__Total_Charging_Cycles,-0.0028572335493687586,0.0028572335493687586
num__Vehicle_Age_Months,-0.00026508093876731476,0.00026508093876731476
